<?xml version="1.0" encoding="UTF-8"?>
<addon
  id="plugin.video.SportsDevil"
  version="5.0.0.0"
  name="[COLOR blue][B]Sports[COLOR white]Devil[/B][/COLOR]"
  provider-name="MaxMustermann">
  <requires>
   <import addon="xbmc.python" version="2.14.0"/>
   <import addon="script.module.requests" />
  </requires>
  <extension 
    point="xbmc.python.pluginsource"
    library="default.py">
   <provides>video</provides>
  </extension>
  <extension point="xbmc.addon.metadata">
     <summary>Reproduce Videos De Diferentes Sitios De Transmisión De Streaming.</summary>
    <description>Corregidos Acestreams,P2pcast.tv, Vercosasgratis, P2P y Plexus.</description>
    <platform>all</platform>
  </extension>
</addon>