<?xml version="1.0" encoding="UTF-8"?>
<addon
  id="plugin.video.SportsDevil"
  version="[COLOR blue]4.0.3.0[/COLOR]"
  name="Sportdevil PM"
  provider-name="[COLOR blue]MaxMustermann, Exclusivex PM,[/COLOR]">
  <requires>
   <import addon="xbmc.python" version="2.14.0"/>
   <import addon="script.module.simplejson" />
   <import addon="script.module.six" />
   <import addon="script.module.requests" />
   <import addon="script.module.livestreamer" />
   <import addon="script.module.pydevd" version="4.4.0" optional="true"/>
  </requires>
  <extension 
    point="xbmc.python.pluginsource"
    library="default.py">
   <provides>video</provides>
  </extension>
  <extension point="xbmc.addon.metadata">
    <summary>Portal Mixto</summary>
    <description>Plugin Modificado por el grupo Exclusivex PM, para el funcionamiento de los canales.Fecha de Actualizacion : 04-02-2017</description>
	<description>Fecha de Actualizacion : 04-02-2017</description>
    <platform>all</platform>
  </extension>
</addon>
