﻿<?xml version="1.0" encoding="UTF-8" standalone="yes"?>
<addon id="plugin.video.blackbox.movie" name="[COLOR blue][B]Black [COLOR white]Box [COLOR blue]Movie[/B][/COLOR]" version="0.3.0" provider-name="Portal Black Box TV">
  <requires>
    <import addon="xbmc.python" version="2.1.0"/>
    <import addon="script.module.requests" /> 
    <import addon="plugin.video.youtube" />	
	<import addon="script.module.youtube.dl" optional="true"/>
	<import addon="plugin.video.SportsDevil" optional="true"/>
	<import addon="plugin.video.p2p-streams" optional="true"/>
  </requires>
  <extension point="xbmc.python.pluginsource" library="default.py">
        <provides>video</provides>
  </extension>
  <extension point="xbmc.addon.metadata">
    <summary lang="en">Portal Black Box TV</summary>
    <description lang="en">[COLOR blue][B]Versión Privada Plugin Black Box Movie.[/B][/COLOR]</description>
    <disclaimer lang="en">[COLOR red][B]Queda Prohibida La Distribución De Este Plugin.[/B][/COLOR]</disclaimer>
    <platform>all</platform>
  </extension>
</addon>