﻿<?xml version="1.0" encoding="UTF-8" standalone="yes"?>
<addon id="plugin.video.movie.ultra.7k" name="[COLOR blue][B]Movie [COLOR white]Ultra [COLOR blue]7K [COLOR white]+[/B][/COLOR]" version="4.0.1" provider-name="Portal Black Box TV">
  <requires>
    <import addon="xbmc.python" version="2.1.0"/>
	<import addon="plugin.video.youtube" optional="true"/>		
	<import addon="plugin.video.SportsDevil" optional="true"/>
	<import addon="plugin.video.p2p-streams" optional="true"/>
	<import addon="program.plexus" optional="true"/>	
	<import addon="script.module.t0mm0.common" version="1.0.0"/>
	<import addon="script.module.beautifulsoup" version="3.2.1"/>
	<import addon="script.module.requests" /> 
	<import addon="script.module.youtube.dl" optional="true"/>    
	<import addon="script.common.plugin.cache"/>	
    <import addon="script.module.m3u8" version="0.2.2"/>
    <import addon="script.module.dateutil" version="2.4.2"/>	
  </requires>
  <extension point="xbmc.python.pluginsource" library="default.py">
        <provides>video</provides>
  </extension>
  <extension point="xbmc.addon.metadata">
    <summary lang="en">Portal Black Box TV</summary>
    <description lang="en">[COLOR blue][B]Versión Privada Plugin Movie [COLOR white]Ultra [COLOR blue]7K [COLOR white]+.[/B][/COLOR]</description>
    <disclaimer lang="en">[COLOR red][B]Queda Prohibida La Distribución De Este Plugin.[/B][/COLOR]</disclaimer>
    <platform>all</platform>
  </extension>
</addon>