<?xml version="1.0" encoding="UTF-8"?>
<addon
  id="plugin.video.SportsDevil"
  version="1.8.8.1"
  name="SportsDevil"
  provider-name="MaxMustermann">
  <requires>
   <import addon="xbmc.python" version="2.14.0"/>
   <import addon="script.module.requests" />
  </requires>
  <extension 
    point="xbmc.python.pluginsource"
    library="default.py">
   <provides>video</provides>
  </extension>
  <extension point="xbmc.addon.metadata">
    <summary>Play videos of different sports streaming sites</summary>
    <description>Play videos of different Channels streaming sites Updated DMO: 03/02/2016 (from HUBBA3´s Version 01/02/2016)... +Info in Change Log - +Info en Registro de Cambios (Gracias Goldonx, Quequeq, Nano y JxxxxxX!!)... Soporte para p2p con Plugin PLEXUS</description>
    <platform>all</platform>
  </extension>
</addon>