<?xml version="1.0" encoding="UTF-8"?>
<includes>
	<include name="HomeRecentlyAddedInfo">
		<control type="group" id="9003">
			<animation effect="slide" tween="cubic" time="720" start="0,-1080" end="0,0">WindowOpen</animation>
			<animation effect="slide" tween="cubic" time="720" end="0,-1080" start="0,0">WindowClose</animation>
			<animation effect="slide" end="0,338" time="320" tween="cubic" easing="inout" condition="Skin.HasSetting(lowermainmenu)">Conditional</animation>
			<visible>[StringCompare(Container(9000).ListItem.Property(WidgetType),1) | StringCompare(Container(9000).ListItem.Property(WidgetType),2) | StringCompare(Container(9000).ListItem.Property(WidgetType),4) | StringCompare(Container(9000).ListItem.Property(WidgetType),5)]</visible>
			<include>VisibleFadeEffect</include>
			<control type="group">
				<visible>ControlGroup(9003).HasFocus() + !Skin.HasSetting(lowermainmenu)</visible>
				<include>VisibleFadeEffect</include>
				<control type="image">
					<left>0</left>
					<top>0</top>
					<width>FullScreenWidth</width>
					<height>630</height>
					<texture flipy="true" border="1">nowplaying_shadow.png</texture>
				</control>
				<control type="image">
					<left>0</left>
					<top>0</top>
					<width>FullScreenWidth</width>
					<height>630</height>
					<texture flipy="true" border="1">nowplaying_shadow.png</texture>
					<colordiffuse>44FFFFFF</colordiffuse>
				</control>
			</control>
			<control type="group">
				<visible>ControlGroup(9003).HasFocus() + Skin.HasSetting(lowermainmenu)</visible>
				<include>VisibleFadeEffect</include>
				<control type="image">
					<left>0</left>
					<top>0</top>
					<width>FullScreenWidth</width>
					<height>630</height>
					<texture border="1">nowplaying_shadow.png</texture>
				</control>
				<control type="image">
					<left>0</left>
					<top>0</top>
					<width>FullScreenWidth</width>
					<height>630</height>
					<texture border="1">nowplaying_shadow.png</texture>
					<colordiffuse>44FFFFFF</colordiffuse>
				</control>
			</control>
			<control type="group">
				<visible>Control.HasFocus(8000)</visible>
				<include>VisibleFadeEffect</include>
				<control type="image">
					<left>0</left>
					<top>13</top>
					<width>432</width>
					<height>432</height>
					<aspectratio align="right">keep</aspectratio>
					<texture background="true">$VAR[WidgetPosterVar]</texture>
					<fadetime>IconCrossfadeTime</fadetime>
					<bordertexture border="20">thumbs/thumb_shadow.png</bordertexture>
					<bordersize>20</bordersize>
				</control>
				<control type="grouplist">
					<left>432</left>
					<top>13</top>
					<width>1300</width>
					<height>432</height>
					<itemgap>12</itemgap>
					<align>center</align>
					<visible>!SubString(Container(9000).ListItem.Property(Widget),addons://sources/,left)</visible>
					<control type="label">
						<width>900</width>
						<height>40</height>
						<font>font14_title</font>
						<textcolor>labelheader</textcolor>
						<shadowcolor>black</shadowcolor>
						<label>$INFO[Container(8000).ListItem.Title]</label>
						<wrapmultiline>true</wrapmultiline>
					</control>
					<control type="label">
						<width>900</width>
						<height>20</height>
						<font>font14</font>
						<textcolor>white2</textcolor>
						<shadowcolor>black</shadowcolor>
						<label>$INFO[Container(8000).ListItem.Tagline]</label>
						<visible>!IsEmpty(Container(8000).ListItem.Tagline)</visible>
					</control>
					<control type="label">
						<width>900</width>
						<height>20</height>
						<font>font14</font>
						<textcolor>white2</textcolor>
						<shadowcolor>black</shadowcolor>
						<label>$INFO[Container(8000).ListItem.TvShowTitle]</label>
						<visible>!IsEmpty(Container(8000).ListItem.TvShowTitle)</visible>
					</control>
					<control type="label">
						<height>2</height>
						<label>-</label>
					</control>
					<control type="label">
						<width>900</width>
						<height>35</height>
						<font>font14</font>
						<textcolor>white2</textcolor>
						<shadowcolor>black</shadowcolor>
						<label>$INFO[Container(8000).ListItem.Genre]</label>
						<visible>!IsEmpty(Container(8000).ListItem.Genre)</visible>
					</control>
					<control type="label">
						<width>900</width>
						<height>35</height>
						<font>font14_title</font>
						<textcolor>white2</textcolor>
						<shadowcolor>black</shadowcolor>
						<label>$INFO[Container(8000).ListItem.Property(episodeno)]</label>
						<visible>!IsEmpty(Container(8000).ListItem.Property(episodeno))</visible>
					</control>
					<control type="label">
						<width>900</width>
						<height>35</height>
						<font>font14</font>
						<textcolor>white2</textcolor>
						<shadowcolor>black</shadowcolor>
						<label>$INFO[Container(8000).ListItem.Year]$INFO[Container(8000).ListItem.RatingAndVotes,  |  ]$INFO[Container(8000).ListItem.Duration,  |  , $LOCALIZE[12391]]</label>
						<visible>IsEmpty(Container(8000).ListItem.Artist) + IsEmpty(Container(8000).ListItem.TvShowTitle)</visible>
					</control>
					<control type="label">
						<width>900</width>
						<height>35</height>
						<font>font14</font>
						<textcolor>white2</textcolor>
						<shadowcolor>black</shadowcolor>
						<label>$INFO[Container(8000).ListItem.Premiered,,  |  ]$INFO[Container(8000).ListItem.RatingAndVotes]$INFO[Container(8000).ListItem.Duration,  |  , $LOCALIZE[12391]]</label>
						<visible>!IsEmpty(Container(8000).ListItem.TvShowTitle)</visible>
					</control>
					<control type="label">
						<width>900</width>
						<height>35</height>
						<font>font14</font>
						<textcolor>white2</textcolor>
						<shadowcolor>black</shadowcolor>
						<label>$INFO[Container(8000).ListItem.Director,$LOCALIZE[31000] ]</label>
						<visible>IsEmpty(Container(8000).ListItem.Artist) + IsEmpty(Container(8000).ListItem.TvShowTitle)</visible>
					</control>
					<!--<control type="label">
						<width>900</width>
						<height>35</height>
						<font>font14</font>
						<textcolor>white2</textcolor>
						<shadowcolor>black</shadowcolor>
						<label>$INFO[Container(8000).ListItem.Property(episodeno)]</label>
						<visible>!IsEmpty(Container(8000).ListItem.Property(episodeno))</visible>
					</control>-->
					<control type="label">
						<width>900</width>
						<height>35</height>
						<font>font14</font>
						<textcolor>white2</textcolor>
						<shadowcolor>black</shadowcolor>
						<label>$INFO[Container(8000).ListItem.Artist]</label>
						<visible>!IsEmpty(Container(8000).ListItem.Artist)</visible>
					</control>
					<control type="label">
						<width>900</width>
						<height>35</height>
						<font>font14</font>
						<textcolor>white2</textcolor>
						<shadowcolor>black</shadowcolor>
						<label>$INFO[Container(8000).ListItem.Year]</label>
						<visible>!IsEmpty(Container(8000).ListItem.Artist)</visible>
					</control>
					<control type="label">
						<width>900</width>
						<height>35</height>
						<font>font14</font>
						<textcolor>white2</textcolor>
						<shadowcolor>black</shadowcolor>
						<label>$INFO[Container(8000).ListItem.Album]$INFO[Container(8000).ListItem.Year, [,]]</label>
						<visible>!IsEmpty(Container(8000).ListItem.Album)</visible>
					</control>
					<control type="label">
						<height>2</height>
						<label>-</label>
					</control>
					<control type="textbox">
						<description>Plot</description>
						<width>900</width>
						<height>150</height>
						<font>font14_textbox</font>
						<align>left</align>
						<label>$INFO[Container(8000).ListItem.Plot]$INFO[Container(8000).ListItem.Property(Album_Description)]</label>
						<textcolor>white2</textcolor>
						<shadowcolor>black</shadowcolor>
						<autoscroll time="3000" delay="4000" repeat="5000">true</autoscroll>
					</control>
				</control>
				<control type="grouplist">
					<left>432</left>
					<top>13</top>
					<width>1300</width>
					<height>432</height>
					<itemgap>12</itemgap>
					<align>center</align>
					<visible>SubString(Container(9000).ListItem.Property(Widget),addons://sources/,left)</visible>
					<control type="label">
						<width>900</width>
						<height>40</height>
						<font>font14_title</font>
						<textcolor>white</textcolor>
						<shadowcolor>black</shadowcolor>
						<label>$INFO[Container(8000).ListItem.Property(Addon.Name)]</label>
						<wrapmultiline>true</wrapmultiline>
					</control>
					<control type="label">
						<width>900</width>
						<height>20</height>
						<font>font14</font>
						<textcolor>white2</textcolor>
						<shadowcolor>black</shadowcolor>
						<label>$INFO[Container(8000).ListItem.Property(Addon.Version)]</label>
					</control>
					<control type="label">
						<height>2</height>
						<label>-</label>
					</control>
					<control type="label">
						<width>900</width>
						<height>35</height>
						<font>font14</font>
						<textcolor>white2</textcolor>
						<shadowcolor>black</shadowcolor>
						<label>$INFO[Container(8000).ListItem.Property(Addon.Creator),[COLOR labelheader]$LOCALIZE[21863]:[/COLOR] ]</label>
					</control>
					<control type="label">
						<height>2</height>
						<label>-</label>
					</control>
					<control type="textbox">
						<description>Plot</description>
						<width>900</width>
						<height>250</height>
						<font>font14_textbox</font>
						<align>left</align>
						<label>$INFO[Container(8000).ListItem.Property(Addon.Description)]</label>
						<textcolor>white2</textcolor>
						<shadowcolor>black</shadowcolor>
						<autoscroll time="3000" delay="4000" repeat="5000">true</autoscroll>
					</control>
				</control>
			</control>
			<control type="group">
				<left>1420</left>
				<top>20</top>
				<control type="group">
					<animation type="Conditional" condition="Control.HasFocus(8000)">
						<effect type="rotatey" start="0" end="180" center="221,0" time="400" tween="sine" easing="inout" />
						<effect type="fade" start="100" end="0" time="10" delay="200" />
					</animation>
					<control type="image">
						<left>0</left>
						<top>0</top>
						<width>422</width>
						<height>422</height>
						<texture border="40">dialogs/default/bg2.png</texture>
					</control>
					<control type="label">
						<left>32</left>
						<top>32</top>
						<width>362</width>
						<height>40</height>
						<font>font15_title</font>
						<align>center</align>
						<textcolor>dialogheader</textcolor>
						<label>$INFO[Container(9000).ListItem.Property(WidgetLabel)]</label>
					</control>
					<control type="image">
						<left>32</left>
						<top>86</top>
						<width>362</width>
						<height>226</height>
						<fadetime>IconCrossfadeTime</fadetime>
						<aspectratio align="center" aligny="top">keep</aspectratio>
						<texture>$VAR[WidgetListIconVar]</texture>
						<bordertexture border="5">dialogs/default/inner2.png</bordertexture>
						<bordersize>1</bordersize>
					</control>
					<control type="label">
						<description>Plot</description>
						<left>47</left>
						<top>310</top>
						<width>332</width>
						<height>80</height>
						<font>font15_title</font>
						<align>center</align>
						<aligny>center</aligny>
						<wrapmultiline>true</wrapmultiline>
						<label>$INFO[Container(8000).ListItem.Property(episodeno),,: ]$INFO[Container(8000).ListItem.Label]</label>
						<textcolor>grey2</textcolor>
					</control>
				</control>
				<control type="group">
					<animation effect="fade" start="100" end="0" time="300" tween="sine" easing="inout" condition="!Control.HasFocus(8000)">Conditional</animation>
					<animation type="Conditional" condition="Control.HasFocus(8000)">
						<effect type="rotatey" start="-180" end="0" center="221,0" time="400" tween="sine" easing="inout" />
						<effect type="fade" start="0" end="100" time="10" delay="200" />
					</animation>
					<control type="image">
						<left>0</left>
						<top>0</top>
						<width>422</width>
						<height>422</height>
						<texture border="40">dialogs/default/bg2.png</texture>
					</control>
					<control type="image">
						<left>30</left>
						<top>30</top>
						<width>362</width>
						<height>362</height>
						<texture border="5">dialogs/default/inner2.png</texture>
					</control>
					<control type="list" id="8000">
						<left>31</left>
						<top>31</top>
						<width>360</width>
						<height>360</height>
						<onup>8000</onup>
						<ondown>8000</ondown>
						<onleft>9000</onleft>
						<onright>9000</onright>
						<onback>9000</onback>
						<viewtype label="535">list</viewtype>
						<pagecontrol>-</pagecontrol>
						<orientation>vertical</orientation>
						<scrolltime tween="quadratic" easing="out">200</scrolltime>
						<visible>!IsEmpty(Container(9000).ListItem.Property(Widget))</visible>
						<autoscroll time="10000" delay="10000" repeat="10000">Control.IsVisible(9003) + !Control.HasFocus(8000)</autoscroll>
						<itemlayout height="60" width="360">
							<control type="image">
								<width>360</width>
								<height>60</height>
								<texture border="1">separator2.png</texture>
							</control>
							<control type="label">
								<width>360</width>
								<height>60</height>
								<font>font14</font>
								<textcolor>grey2</textcolor>
								<selectedcolor>selected</selectedcolor>
								<textoffsetx>15</textoffsetx>
								<label>$INFO[ListItem.Label]</label>
							</control>
						</itemlayout>
						<focusedlayout height="60" width="360">
							<control type="image">
								<width>360</width>
								<height>60</height>
								<texture border="5">listselect_fo.png</texture>
							</control>
							<control type="label">
								<width>360</width>
								<height>60</height>
								<font>font14</font>
								<selectedcolor>selected</selectedcolor>
								<textoffsetx>15</textoffsetx>
								<label>$INFO[ListItem.Label]</label>
							</control>
						</focusedlayout>
						<content target="$VAR[WidgetListTargetVar]">$VAR[WidgetListContent]</content>
					</control>
				</control>
			</control>
			<control type="group">
				<visible>IsEmpty(Container(8000).ListItem.Label)</visible>
				<left>1583</left>
				<top>183</top>
				<control type="image">
					<description>Busy animation</description>
					<width>96</width>
					<height>96</height>
					<texture>android/spinner_48_inner_holo.png</texture>
					<aspectratio>keep</aspectratio>
					<animation effect="rotate" start="0" end="360" center="auto" time="2000" loop="true" condition="true">conditional</animation>
				</control>
				<control type="image">
					<description>Busy animation</description>
					<width>96</width>
					<height>96</height>
					<texture>android/spinner_48_outer_holo.png</texture>
					<aspectratio>keep</aspectratio>
					<animation effect="rotate" start="360" end="0" center="auto" time="2000" loop="true" condition="true">conditional</animation>
				</control>
			</control>
		</control>
	</include>
	<include name="NowPlayingVideoWidget">
		<!-- Video Info -->
		<control type="group">
			<left>0</left>
			<top>622</top>
			<visible>Player.HasVideo</visible>
			<visible>VideoPlayer.Content(movies) | VideoPlayer.Content(episodes) | VideoPlayer.Content(musicvideos) | VideoPlayer.Content(livetv)</visible>
			<include>VisibleFadeEffect</include>
			<animation effect="slide" tween="cubic" time="720" start="0,1080" end="0,0" condition="!Skin.HasSetting(lowermainmenu)">WindowOpen</animation>
			<animation effect="slide" tween="cubic" time="720" end="0,1080" start="0,0" condition="!Skin.HasSetting(lowermainmenu)">WindowClose</animation>
			<animation effect="slide" tween="cubic" time="720" start="0,-1080" end="0,0" condition="Skin.HasSetting(lowermainmenu)">WindowOpen</animation>
			<animation effect="slide" tween="cubic" time="720" end="0,-1080" start="0,0" condition="Skin.HasSetting(lowermainmenu)">WindowClose</animation>
			<animation effect="slide" end="0,-640" time="320" tween="cubic" easing="inout" condition="Skin.HasSetting(lowermainmenu)">Conditional</animation>
			<control type="group">
				<control type="image">
					<description>Cover image</description>
					<left>20</left>
					<top>45</top>
					<width>360</width>
					<height>360</height>
					<aspectratio align="right">keep</aspectratio>
					<texture fallback="DefaultVideoCover.png">$VAR[HomeNowPlayingThumbVar]</texture>
					<bordertexture border="20">thumbs/thumb_shadow.png</bordertexture>
					<bordersize>20</bordersize>
				</control>
				<control type="grouplist">
					<left>390</left>
					<top>86</top>
					<width>1510</width>
					<height>460</height>
					<itemgap>12</itemgap>
					<control type="label">
						<left>50</left>
						<width>1300</width>
						<height>40</height>
						<font>font48_title</font>
						<textcolor>white2</textcolor>
						<shadowcolor>black</shadowcolor>
						<label>$INFO[VideoPlayer.ChannelName]</label>
						<visible>VideoPlayer.Content(livetv)</visible>
					</control>
					<control type="label">
						<left>50</left>
						<width>1300</width>
						<height>40</height>
						<font>font48_title</font>
						<textcolor>white2</textcolor>
						<shadowcolor>black</shadowcolor>
						<label>$INFO[Player.Title]</label>
					</control>
					<control type="label">
						<left>90</left>
						<width>1300</width>
						<height>40</height>
						<font>font15</font>
						<textcolor>white2</textcolor>
						<shadowcolor>black</shadowcolor>
						<label>$INFO[VideoPlayer.TvShowTitle]</label>
						<visible>VideoPlayer.Content(episodes)</visible>
					</control>
					<control type="label">
						<left>90</left>
						<width>1300</width>
						<height>40</height>
						<font>font15</font>
						<textcolor>white2</textcolor>
						<shadowcolor>black</shadowcolor>
						<label>$INFO[VideoPlayer.Artist]</label>
						<visible>VideoPlayer.Content(musicvideos)</visible>
					</control>
					<control type="label">
						<left>100</left>
						<width>1300</width>
						<height>40</height>
						<font>font15</font>
						<textcolor>white2</textcolor>
						<shadowcolor>black</shadowcolor>
						<label>$INFO[VideoPlayer.Season,$LOCALIZE[20373] ,], $INFO[VideoPlayer.Episode,$LOCALIZE[20452] , , ]</label>
						<visible>VideoPlayer.Content(episodes)</visible>
					</control>
					<control type="label">
						<left>90</left>
						<width>1300</width>
						<height>40</height>
						<font>font15</font>
						<textcolor>white2</textcolor>
						<shadowcolor>black</shadowcolor>
						<label>$INFO[VideoPlayer.Premiered]</label>
						<visible>VideoPlayer.Content(episodes)</visible>
					</control>
					<control type="label">
						<left>90</left>
						<width>1300</width>
						<height>40</height>
						<font>font15</font>
						<textcolor>white2</textcolor>
						<shadowcolor>black</shadowcolor>
						<label>$INFO[VideoPlayer.Tagline]</label>
						<visible>VideoPlayer.Content(movies)</visible>
					</control>
					<control type="label">
						<left>100</left>
						<width>1300</width>
						<height>40</height>
						<font>font15</font>
						<textcolor>white2</textcolor>
						<shadowcolor>black</shadowcolor>
						<label>$INFO[VideoPlayer.Year]$INFO[VideoPlayer.Genre, | ]</label>
						<visible>VideoPlayer.Content(movies) | VideoPlayer.Content(musicvideos)</visible>
					</control>
					<control type="label">
						<left>90</left>
						<width>1300</width>
						<height>40</height>
						<font>font15</font>
						<textcolor>white2</textcolor>
						<shadowcolor>black</shadowcolor>
						<label>$INFO[VideoPlayer.Studio]</label>
						<visible>VideoPlayer.Content(movies) | VideoPlayer.Content(musicvideos)</visible>
					</control>
					<control type="label">
						<left>100</left>
						<width>1300</width>
						<height>40</height>
						<font>font15</font>
						<textcolor>white2</textcolor>
						<shadowcolor>black</shadowcolor>
						<label>$INFO[VideoPlayer.Plot]</label>
						<visible>VideoPlayer.Content(livetv)</visible>
					</control>
					<control type="label">
						<description>Time Label</description>
						<left>50</left>
						<height>50</height>
						<width>1300</width>
						<label>$INFO[Player.Time]$INFO[Player.Duration,[COLOR=labelheader] / [/COLOR]]</label>
						<font>font48</font>
						<textcolor>white2</textcolor>
						<shadowcolor>black</shadowcolor>
					</control>
				</control>
			</control>
		</control>
	</include>
	<include name="NowPlayingMusicWidget">
		<!-- Music Info -->
		<control type="group">
			<left>0</left>
			<top>622</top>
			<visible>Player.HasAudio</visible>
			<include>VisibleFadeEffect</include>
			<animation effect="slide" tween="cubic" time="720" start="0,1080" end="0,0" condition="!Skin.HasSetting(lowermainmenu)">WindowOpen</animation>
			<animation effect="slide" tween="cubic" time="720" end="0,1080" start="0,0" condition="!Skin.HasSetting(lowermainmenu)">WindowClose</animation>
			<animation effect="slide" tween="cubic" time="720" start="0,-1080" end="0,0" condition="Skin.HasSetting(lowermainmenu)">WindowOpen</animation>
			<animation effect="slide" tween="cubic" time="720" end="0,-1080" start="0,0" condition="Skin.HasSetting(lowermainmenu)">WindowClose</animation>
			<animation effect="slide" end="0,-640" time="320" tween="cubic" easing="inout" condition="Skin.HasSetting(lowermainmenu)">Conditional</animation>
			<control type="image">
				<left>0</left>
				<top>-172</top>
				<width>FullScreenWidth</width>
				<height>630</height>
				<texture border="1">nowplaying_shadow.png</texture>
				<visible>!Skin.HasSetting(lowermainmenu)</visible>
			</control>
			<control type="image">
				<left>0</left>
				<top>-70</top>
				<width>FullScreenWidth</width>
				<height>630</height>
				<texture flipy="true" border="1">nowplaying_shadow.png</texture>
				<visible>Skin.HasSetting(lowermainmenu)</visible>
			</control>
			<control type="grouplist">
				<left>410</left>
				<top>86</top>
				<width>1510</width>
				<height>460</height>
				<itemgap>12</itemgap>
				<usecontrolcoords>true</usecontrolcoords>
				<control type="label">
					<left>50</left>
					<width>1300</width>
					<height>40</height>
					<font>font48_title</font>
					<textcolor>white2</textcolor>
					<shadowcolor>black</shadowcolor>
					<label>$INFO[MusicPlayer.TrackNumber,,. ]$INFO[Player.Title]</label>
				</control>
				<control type="label">
					<height>2</height>
					<label>-</label>
				</control>
				<control type="label">
					<left>90</left>
					<width>1300</width>
					<height>40</height>
					<font>font15</font>
					<textcolor>white2</textcolor>
					<shadowcolor>black</shadowcolor>
					<label>$INFO[MusicPlayer.Artist]</label>
				</control>
				<control type="label">
					<left>100</left>
					<width>1300</width>
					<height>40</height>
					<font>font15</font>
					<textcolor>white2</textcolor>
					<shadowcolor>black</shadowcolor>
					<label>$INFO[MusicPlayer.Album]$INFO[musicplayer.discnumber, - $LOCALIZE[427]:]</label>
				</control>
				<control type="label">
					<left>90</left>
					<width>1300</width>
					<height>40</height>
					<font>font15</font>
					<textcolor>white2</textcolor>
					<shadowcolor>black</shadowcolor>
					<label>$INFO[MusicPlayer.offset(1).TrackNumber,[COLOR=labelheader]$LOCALIZE[19031]:[/COLOR] ,. ]$INFO[MusicPlayer.offset(1).Artist,, - ]$INFO[MusicPlayer.offset(1).Title]</label>
				</control>
				<control type="label">
					<height>2</height>
					<label>-</label>
				</control>
				<control type="label">
					<description>Time Label</description>
					<left>50</left>
					<height>50</height>
					<width>1300</width>
					<label>$INFO[Player.Time]$INFO[Player.Duration,[COLOR=labelheader] / [/COLOR]]</label>
					<font>font48</font>
					<textcolor>white2</textcolor>
					<shadowcolor>black</shadowcolor>
				</control>
			</control>
			<control type="image">
				<left>160</left>
				<top>45</top>
				<width>360</width>
				<height>360</height>
				<aligny>top</aligny>
				<aspectratio align="left">keep</aspectratio>
				<fadetime>300</fadetime>
				<animation effect="rotate" end="-360" center="auto" time="4800" loop="true" reversible="false" condition="!Player.Paused">Conditional</animation>
				<texture background="true" fallback="special://skin/extras/cdart/default.png" diffuse="thumbs/cdart_mask.png">$INFO[Player.FolderPath]cdart.png</texture>
				<bordersize>30</bordersize>
			</control>
			<control type="image">
				<description>Cover image</description>
				<left>-10</left>
				<top>45</top>
				<width>390</width>
				<height>360</height>
				<aspectratio align="right">keep</aspectratio>
				<texture diffuse="thumbs/cdcover_mask2.png" fallback="DefaultAlbumCover.png">$INFO[Player.Art(thumb)]</texture>
				<bordertexture border="28">thumbs/cd_shadow2.png</bordertexture>
				<bordersize>28</bordersize>
			</control>
			<!--<control type="image">
				<left>1290</left>
				<top>45</top>
				<width>609</width>
				<height>360</height>
				<aspectratio>stretch</aspectratio>
				<texture border="20">thumbs/thumb_shadow.png</texture>
			</control>
			<control type="multiimage">
				<description>Fanart image</description>
				<left>1310</left>
				<top>65</top>
				<width>570</width>
				<height>320</height>
				<aspectratio align="left">keep</aspectratio>
				<imagepath background="true" fallback="special://skin/backgrounds/fallback_music.jpg">$INFO[Window(Visualisation).Property(ArtistSlideshow)]</imagepath>
				<texture fallback="special://skin/backgrounds/fallback_music.jpg">$INFO[Player.Art(fanart)]</texture>
				<bordertexture border="20">thumbs/thumb_shadow.png</bordertexture>
				<bordersize>20</bordersize>
			</control>-->
		</control>
	</include>
	<include name="RSSFeedWidget">
		<control type="group">
			<animation effect="slide" end="1870,0" time="240">WindowClose</animation>
			<animation effect="slide" start="1870,0" end="0,0" delay="300" time="240" condition="!window.previous(startup)">WindowOpen</animation>
			<animation effect="slide" start="1870" end="0" time="240">VisibleChange</animation>
			<animation effect="slide" start="1870,0" end="0,0" delay="800" time="480" condition="window.previous(startup)">WindowOpen</animation>
			<animation effect="slide" end="0,-90" time="300" tween="cubic" easing="inout" condition="ControlGroup(9001).HasFocus()">conditional</animation>
			<animation effect="fade" start="100" end="0" time="300" condition="ControlGroup(9001).HasFocus()">conditional</animation>
			<animation effect="slide" end="0,340" time="320" tween="cubic" easing="inout" condition="Skin.HasSetting(lowermainmenu)">Conditional</animation>
			<top>612</top>
			<control type="group">
				<control type="image" id="90101">
					<left>50</left>
					<width>90</width>
					<height>87</height>
					<texture>submenu_end.png</texture>
				</control>
				<control type="image">
					<left>140</left>
					<width>1780</width>
					<height>87</height>
					<texture>submenu_bar.png</texture>
				</control>
			</control>
			<control type="group">
				<control type="label">
					<left>1880</left>
					<top>0</top>
					<width>60</width>
					<height>41</height>
					<label></label>
					<font>IconSmall</font>
					<textcolor>themecolor</textcolor>
				</control>
				<control type="rss">
					<description>RSS feed</description>
					<left>140</left>
					<top>0</top>
					<height>30</height>
					<width>1730</width>
					<font>font13</font>
					<urlset>1</urlset>
					<textcolor>themecolor</textcolor>
					<titlecolor>themecolor</titlecolor>
					<headlinecolor>grey</headlinecolor>
					<shadowcolor>shadow</shadowcolor>
				</control>
			</control>
		</control>
	</include>
	<include name="RSSFeedWidget2">
		<control type="group">
			<animation effect="slide" end="1870,0" time="240">WindowClose</animation>
			<animation effect="slide" start="1870,0" end="0,0" delay="300" time="240" condition="!window.previous(startup)">WindowOpen</animation>
			<animation effect="slide" start="1870" end="0" time="240">VisibleChange</animation>
			<animation effect="slide" start="1870,0" end="0,0" delay="800" time="480" condition="window.previous(startup)">WindowOpen</animation>
			<animation effect="slide" end="0,-946" time="320" tween="cubic" easing="inout" condition="Skin.HasSetting(lowermainmenu)">Conditional</animation>
			<top>993</top>
			<control type="group">
				<animation effect="rotatex" end="180" time="320" center="20" tween="cubic" easing="inout" condition="Skin.HasSetting(lowermainmenu)">Conditional</animation>
				<control type="image">
					<left>140</left>
					<width>1780</width>
					<height>87</height>
					<texture flipy="true">submenu_bar.png</texture>
				</control>
				<control type="image">
					<left>50</left>
					<width>90</width>
					<height>87</height>
					<texture flipy="true" border="78,0,0,0">submenu_end.png</texture>
				</control>
			</control>
			<control type="group">
				<animation effect="slide" end="0,-96" time="320" tween="cubic" easing="inout" condition="Skin.HasSetting(lowermainmenu)">Conditional</animation>
				<control type="label">
					<left>1880</left>
					<top>44</top>
					<width>60</width>
					<height>41</height>
					<label></label>
					<font>IconSmall</font>
					<textcolor>themecolor</textcolor>
				</control>
				<control type="rss">
					<description>RSS feed</description>
					<left>140</left>
					<top>44</top>
					<height>30</height>
					<width>1730</width>
					<font>font13</font>
					<urlset>1</urlset>
					<textcolor>themecolor</textcolor>
					<titlecolor>themecolor</titlecolor>
					<headlinecolor>grey</headlinecolor>
					<shadowcolor>shadow</shadowcolor>
				</control>
			</control>
		</control>
	</include>
	<include name="WeatherWidget">
		<control type="group">
			<animation effect="slide" tween="cubic" time="720" start="0,-1080" end="0,0">WindowOpen</animation>
			<animation effect="slide" tween="cubic" time="720" end="0,-1080" start="0,0">WindowClose</animation>
			<include>VisibleFadeEffect</include>
			<visible>StringCompare(Container(9000).ListItem.Property(WidgetType),3)</visible>
			<control type="image">
				<left>0</left>
				<top>0</top>
				<width>FullScreenWidth</width>
				<height>630</height>
				<texture flipy="true" border="1">nowplaying_shadow.png</texture>
				<animation effect="rotatex" end="180" time="320" center="20" tween="cubic" easing="inout" condition="Skin.HasSetting(lowermainmenu)">Conditional</animation>
				<animation effect="slide" end="0,-810" time="320" tween="cubic" easing="inout" condition="Skin.HasSetting(lowermainmenu)">Conditional</animation>
			</control>
			<control type="panel" id="300">
				<left>0</left>
				<top>0</top>
				<width>FullScreenWidth</width>
				<height>300</height>
				<onup>9000</onup>
				<ondown>9000</ondown>
				<orientation>horizontal</orientation>
				<scrolltime tween="quadratic" easing="out">200</scrolltime>
				<animation effect="slide" end="0,508" time="320" tween="cubic" easing="inout" condition="Skin.HasSetting(lowermainmenu)">Conditional</animation>
				<itemlayout height="300" width="320">
					<control type="image">
						<left>327</left>
						<width>2</width>
						<height>300</height>
						<texture border="1">separator3.png</texture>
					</control>
					<control type="image">
						<description>current weather icon</description>
						<top>60</top>
						<width>320</width>
						<height>100</height>
						<texture>$INFO[ListItem.Icon]</texture>
						<aspectratio aligny="top">keep</aspectratio>
					</control>
					<control type="label">
						<width>320</width>
						<height>60</height>
						<font>font15</font>
						<align>center</align>
						<textcolor>white2</textcolor>
						<shadowcolor>black</shadowcolor>
						<selectedcolor>selected</selectedcolor>
						<label>$INFO[ListItem.Label]</label>
						<textoffsetx>15</textoffsetx>
					</control>
					<control type="label">
						<top>160</top>
						<width>320</width>
						<height>60</height>
						<font>font15</font>
						<align>center</align>
						<textcolor>white2</textcolor>
						<shadowcolor>black</shadowcolor>
						<selectedcolor>selected</selectedcolor>
						<label>$INFO[ListItem.Label2]</label>
						<textoffsetx>15</textoffsetx>
					</control>
					<control type="label">
						<top>240</top>
						<width>320</width>
						<height>60</height>
						<font>font15</font>
						<align>center</align>
						<textcolor>white2</textcolor>
						<shadowcolor>black</shadowcolor>
						<selectedcolor>selected</selectedcolor>
						<label>$INFO[ListItem.Property(HighTemp),[COLOR red],[/COLOR]]$INFO[ListItem.Property(LowTemp), | [COLOR blue],[/COLOR]]</label>
						<textoffsetx>15</textoffsetx>
					</control>
				</itemlayout>
				<focusedlayout height="300" width="320">
					<control type="image">
						<left>318</left>
						<width>2</width>
						<height>300</height>
						<texture border="1">separator3.png</texture>
					</control>
					<control type="image">
						<width>320</width>
						<height>300</height>
						<texture border="4">listselect_fo.png</texture>
					</control>
					<control type="image">
						<description>current weather icon</description>
						<top>60</top>
						<width>320</width>
						<height>100</height>
						<texture>$INFO[ListItem.Icon]</texture>
						<aspectratio aligny="top">keep</aspectratio>
					</control>
					<control type="label">
						<width>320</width>
						<height>60</height>
						<font>font15</font>
						<align>center</align>
						<selectedcolor>selected</selectedcolor>
						<shadowcolor>black</shadowcolor>
						<label>$INFO[ListItem.Label]</label>
						<textoffsetx>15</textoffsetx>
					</control>
					<control type="label">
						<top>160</top>
						<width>320</width>
						<height>60</height>
						<font>font15</font>
						<align>center</align>
						<selectedcolor>selected</selectedcolor>
						<shadowcolor>black</shadowcolor>
						<label>$INFO[ListItem.Label2]</label>
						<textoffsetx>15</textoffsetx>
					</control>
					<control type="label">
						<top>240</top>
						<width>320</width>
						<height>60</height>
						<font>font15</font>
						<align>center</align>
						<shadowcolor>black</shadowcolor>
						<selectedcolor>selected</selectedcolor>
						<label>$INFO[ListItem.Property(HighTemp),[COLOR red],[/COLOR]]$INFO[ListItem.Property(LowTemp), | [COLOR blue],[/COLOR]]</label>
						<textoffsetx>15</textoffsetx>
					</control>
				</focusedlayout>
				<content>
					<item>
						<label>$LOCALIZE[31909]</label>
						<icon>-</icon>
						<onclick>noop</onclick>
						<visible>!Weather.IsFetched</visible>
					</item>
					<item>
						<label>$INFO[Window(weather).Property(Day0.Title)]</label>
						<label2>$INFO[Window(weather).Property(Day0.Outlook)]</label2>
						<icon>$INFO[Window(weather).Property(Day0.OutlookIcon)]</icon>
						<property name="HighTemp">$INFO[Window(weather).Property(Day0.HighTemp)]$INFO[System.TemperatureUnits]</property>
						<property name="LowTemp">$INFO[Window(weather).Property(Day0.LowTemp)]$INFO[System.TemperatureUnits]</property>
						<onclick>noop</onclick>
					</item>
					<item>
						<label>$INFO[Window(weather).Property(Day1.Title)]</label>
						<label2>$INFO[Window(weather).Property(Day1.Outlook)]</label2>
						<icon>$INFO[Window(weather).Property(Day1.OutlookIcon)]</icon>
						<property name="HighTemp">$INFO[Window(weather).Property(Day1.HighTemp)]$INFO[System.TemperatureUnits]</property>
						<property name="LowTemp">$INFO[Window(weather).Property(Day1.LowTemp)]$INFO[System.TemperatureUnits]</property>
						<onclick>noop</onclick>
					</item>
					<item>
						<label>$INFO[Window(weather).Property(Day2.Title)]</label>
						<label2>$INFO[Window(weather).Property(Day2.Outlook)]</label2>
						<icon>$INFO[Window(weather).Property(Day2.OutlookIcon)]</icon>
						<property name="HighTemp">$INFO[Window(weather).Property(Day2.HighTemp)]$INFO[System.TemperatureUnits]</property>
						<property name="LowTemp">$INFO[Window(weather).Property(Day2.LowTemp)]$INFO[System.TemperatureUnits]</property>
						<onclick>noop</onclick>
					</item>
					<item>
						<label>$INFO[Window(weather).Property(Day3.Title)]</label>
						<label2>$INFO[Window(weather).Property(Day3.Outlook)]</label2>
						<icon>$INFO[Window(weather).Property(Day3.OutlookIcon)]</icon>
						<property name="HighTemp">$INFO[Window(weather).Property(Day3.HighTemp)]$INFO[System.TemperatureUnits]</property>
						<property name="LowTemp">$INFO[Window(weather).Property(Day3.LowTemp)]$INFO[System.TemperatureUnits]</property>
						<onclick>noop</onclick>
					</item>
					<item>
						<label>$INFO[Window(weather).Property(Day4.Title)]</label>
						<label2>$INFO[Window(weather).Property(Day4.Outlook)]</label2>
						<icon>$INFO[Window(weather).Property(Day4.OutlookIcon)]</icon>
						<property name="HighTemp">$INFO[Window(weather).Property(Day4.HighTemp)]$INFO[System.TemperatureUnits]</property>
						<property name="LowTemp">$INFO[Window(weather).Property(Day4.LowTemp)]$INFO[System.TemperatureUnits]</property>
						<onclick>noop</onclick>
					</item>
					<item>
						<label>$INFO[Window(weather).Property(Day5.Title)]</label>
						<label2>$INFO[Window(weather).Property(Day5.Outlook)]</label2>
						<icon>$INFO[Window(weather).Property(Day5.OutlookIcon)]</icon>
						<property name="HighTemp">$INFO[Window(weather).Property(Day5.HighTemp)]$INFO[System.TemperatureUnits]</property>
						<property name="LowTemp">$INFO[Window(weather).Property(Day5.LowTemp)]$INFO[System.TemperatureUnits]</property>
						<onclick>noop</onclick>
					</item>
					<item>
						<label>$INFO[Window(weather).Property(Day6.Title)]</label>
						<label2>$INFO[Window(weather).Property(Day6.Outlook)]</label2>
						<icon>$INFO[Window(weather).Property(Day6.OutlookIcon)]</icon>
						<property name="HighTemp">$INFO[Window(weather).Property(Day6.HighTemp)]$INFO[System.TemperatureUnits]</property>
						<property name="LowTemp">$INFO[Window(weather).Property(Day6.LowTemp)]$INFO[System.TemperatureUnits]</property>
						<onclick>noop</onclick>
					</item>
				</content>
			</control>
		</control>
	</include>
</includes>